gene1,gene2
"Cks2-80517357","Gabarap-2245"
"Pdgfra-77280309","Syt12-79556632"
"Gdi2-491","Scn5a-73907501"
"Gnai2-2263","Nr4a1-1792"
"Midn-71670739","Syt12-79556632"
"Nr1h3-112205214","Plxnd1-77340482"
"Icosl-1217","Tnni3-1065"
"Gosr2-67855413","Tmx4-74882217"
"Agt-87","Gnai2-2263"
"Lrrtm3-73931637","Syt12-79556632"
"Icosl-1217","Slc27a4-1920"
"Notch3-1788","Pvalb-79556738"
"Adcy7-2017","Rad23b-881"
"Gtf3c2-7","Hmga1-2295"
"Panx2-74581443","Slc35c2-2615"
"Chrna2-75551460","Ptn-2507"
"Cdh3-1337","Gtf3c2-7"
"BC057022-72077480","Cth-75042264"
"Crabp1-1179","Ncdn-684"
"Ap1b1-356859","Gng7-77371857"
"Dnahc11-73520976","Syt12-79556632"
"Chrm4-79591641","Pak7-75988567"
"Cth-75042264","Styk1-71250308"
"Cnp-1175","Gabrb1-2247"
"Ap1b1-356859","Coro1c-75651191"
"Chn2-74881162","Chrm4-261"
"Cadm2-73635999","Nr1h3-112205214"
"Ltn1-2747","Rad23b-881"
"Fbln2-321208","Notch3-1788"
"Ltn1-2747","Ptrf-73521818"
"Adcy5-79","Ctnnb1-196"
"Icosl-1217","Mllt11-89"
"Adcy7-2017","Pknox1-1401"
"Gabrg1-75551469","Ttn-74047746"
"B3gat2-74658033","Cirh1a-77925143"
"Hepacam-35","Nr4a1-1792"
"Cnp-1175","Hmga1-2295"
"Acvrl1-79488929","Dynlrb1-323592"
"Gabarap-2245","Kcnj15-2339"
"Hepacam-35","Icosl-1217"
"Chrna2-75551460","Dlx3-350"
"Exosc1-2203","Nomo1-1697"
"Ap1b1-356859","Grik3-75749418"
"Pip5k1b-77887888","Ttn-74047746"
"Adcy7-2017","Aktip-1355"
"BC057022-72077480","Ltbp3-76115733"
"Mpp6-73994666","Nog-75084476"
"Dynlrb1-323592","Gm6753-77340486"
"Adipor1-61210","Col16a1-74273122"
"Fgfr1-440","Krtap12-1-1367"
"Cpt1a-1478","Mpp6-73994666"
"Ncdn-684","Rad23b-881"
"Pls3-355886","Scn5a-73907501"
"BC031353-77371767","Pgrmc1-797"
"Copb2-1341","Ltn1-2747"
"Il17rb-2317","Selk-74800903"
"1500002O20Rik-1954","Midn-71670739"
"F3-77280341","Syt12-79556632"
"Asns-74047788","Ndel1-1514"
"Gpr108-1619","Tmc6-77887880"
"Prpsap2-293663","Tpm3-275873"
"Gtf3c2-7","Wnt2b-1589"
"Midn-71670739","Tm7sf3-77874614"
"Gnai2-2263","Pcdh9-10"
"Rreb1-72340134","Trps1-75043140"
"Cirh1a-77925143","Cth-75042264"
"B3gat2-74658033","Htr4-72119658"
"Clip4-75774680","Homer1-1748"
"Egflam-74047441","Gdf1-75081205"
"Dhdds-70612728","Dok4-1486"
"Fgfr1-440","Tnni3-1065"
"Exosc1-2203","Selk-74800903"
"Galnt13-72472803","Tsen34-1944"
"Kcnc2-73512364","Selk-74800903"
"Alox8-73718055","Neurod6-698"
"Cth-75042264","Epha8-72472794"
"Crh-292","Mad1l1-70928294"
"Coro1c-75651191","Svip-73931622"
"Cwh43-74819236","Gja1-79556642"
"Icosl-1217","Lynx1-655"
"Midn-71670739","Notum-73732151"
"Lrrtm3-73931637","Midn-71670739"
"B3gat2-74658033","Midn-71670739"
"Gosr2-67855413","Rgnef-74272892"
"Galnt13-72472803","Zfp932-75774665"
"Homer1-1748","Scube3-74988656"
"Chn2-74881162","Tcerg1-1872"
"Tpm3-275873","Zmiz1-74988259"
"Hmga1-2295","Slc27a4-1920"
"Nr1h3-112205214","Tmie-74957868"
"Plcb1-75084969","Rec8-77278975"
"Gnai2-2263","Lynx1-655"
"Cnr1-283","Tnni3-1065"
"Cd8b1-73732149","Scn5a-73907501"
"Galp-79556611","Lix1-643"
"Cnr1-283","Fgfr1-440"
"3110082D06Rik-74581400","Diras1-72103819"
"Krtap12-1-1367","Mapre1-2401"
"Clcn2-72119656","Notch3-1788"
"Galnt13-72472803","Gbx2-77868786"
"Dpysl5-73635770","Gpr108-1619"
"Hmga1-2295","Mgp-1229"
"Trav3-3-71670720","Trps1-75043140"
"Homer1-1748","Ndufa10-74658173"
"Mpp6-73994666","Postn-77371799"
"F3-77280341","Selk-74800903"
"Exosc1-2203","Pvalb-79556738"
"Clcn2-72119656","Exosc1-2203"
"Ap1b1-356859","Il16-71064290"
"Npr1-71670678","Rbbp6-170"
"Glra4-75551476","Ltbp3-76115733"
"Asns-74047788","Mad1l1-70928294"
"Gabarap-2245","Inhbb-73636087"
"Alox8-73718055","Lhx4-2377"
"Aqp4-108","Tnni3-1065"
"Cth-75042264","Mecp2-79908808"
"Atp11c-74047410","Sgcg-74749941"
"Cwh43-74819236","Kcnc2-73512364"
"Cwh43-74819236","Nomo1-1697"
"Iscu-74819565","Mpp6-73994666"
"Ltbp3-76115733","Paip2-77869857"
"Dynlrb1-323592","Stub1-79912552"
"Lgals1-75651181","Pgrmc1-797"
"Cnr1-283","Ltn1-2747"
"Plxna2-77280424","Slc35c2-2615"
"Cwh43-74819236","Glra4-75551476"
"Lhx4-2377","Mpp6-73994666"
"Fbln2-321208","Gm6753-77340486"
"Gca-74641159","Slc35c2-2615"
"Clcn2-72119656","Midn-71670739"
"Scn1a-77340528","Syt12-79556632"
"C130060K24Rik-1164","Rora-900"
"Htr4-72119658","Nomo1-1697"
"C1qc-77340474","Mpp6-73994666"
"Midn-71670739","Selk-74800903"
"Cth-75042264","Tcf7l1-1424"
"Copb2-1341","Snap47-3"
"Cnr1-283","Gabrb1-2247"
"Fn3krp-74819239","Tgfb2-77869842"
"Fgfr1-440","Hepacam-35"
"Fam105a-74819326","Rec8-77278975"
"Cwh43-74819236","Gm6753-77340486"
"Cwh43-74819236","Styk1-71250308"
"Gng7-77371857","Ntm-77866868"
"Homer1-1748","Tmie-74957868"
"Cth-75042264","Cux1-79556618"
"Nmbr-77332086","Selk-74800903"
"Gnai2-2263","Ncdn-684"
"Hbb-77340464","Tpm3-275873"
"1810031K17Rik-227165","Tmem246-75774671"
"Pcdh9-10","Snap47-3"
"Sh3bgr-1416","Syt12-79556632"
"Fgfr1-440","Hmga1-2295"
"Dnahc11-73520976","Midn-71670739"
"Kcnc2-73512364","Ttn-74047746"
"Lynx1-655","Wnt2b-1589"
"Alox8-73718055","Lix1-643"
"Gabrb1-2247","Slc27a4-1920"
"Postn-77371799","Tpm3-275873"
"Cops7b-356493","Egflam-74047441"
"Cd4-74819249","Th-1056"
"Gdi2-491","Rec8-77278975"
"Icosl-1217","Mapre1-2401"
"Homer1-1748","Ssr2-121097"
"Cwh43-74819236","Midn-71670739"
"Dlg2-73817444","Pde4dip-1994"
"Cwh43-74819236","Ssr2-77869814"
"Fam46a-73520967","Gabarap-2245"
"Pls3-355886","Smpd1-67881552"
"Cth-75042264","Gm6753-77340486"
"Cks2-80517357","Homer1-1748"
"Homer1-1748","Kpnb1-77340472"
"C1qc-77340474","Tpm3-275873"
"C030046I01Rik-74881890","Gosr2-67855413"
"Armc2-74988750","Fbln2-321208"
"Cep78-322963","Mpp6-73994666"
"Notch3-1788","Styk1-71250308"
"Cirh1a-77925143","Dynlrb1-323592"
"F3-77280341","Ttn-74047746"
"Camk2g-189","Chrna2-75551460"
"Icosl-1217","Pcdh9-10"
"Exosc1-2203","Notum-73732151"
"Galp-79556611","Neurod6-698"
"Rwdd2b-1587","Tnni3-1065"
"Gabarap-2245","Plxnd1-77340482"
"Acvrl1-79488929","Cth-75042264"
"Gm6753-77340486","Midn-71670739"
"Alox8-73718055","Slc10a3-74047876"
"Nr4a1-1792","Wnt2b-1589"
"Adipor1-61210","Rspo2-71016632"
"Adam33-75147767","Efnb3-79556601"
"Lynx1-655","Mapre1-2401"
"Ghrh-496","Glud1-503"
"Cdh3-1337","Pcdh9-10"
"Gabrg1-75551469","Selk-74800903"
"Gosr2-67855413","Kcns3-77371817"
"Adcy7-2017","Gabrb1-2247"
"BC031181-73718052","Gm5607-72109337"
"Trhr-1303","Wnt2b-1589"
"Il17ra-73520990","Ltbp3-76115733"
"Cdh3-1337","Crabp1-1179"
"Gpr108-1619","Ttc9b-71249081"
"Ltn1-2747","Mgp-1229"
"Cnp-1175","Slc27a4-1920"
"Alox8-73718055","Ankrd10-2027"
"Cnp-1175","Gtf3c2-7"
"Notum-73732151","Selk-74800903"
"BC100451-73615805","Pls3-355886"
"Fgfr1-440","Lynx1-655"
"1600021P15Rik-71924290","Notch3-1788"
"Slc35c2-2615","Tmem206-75774106"
"Lynx1-655","Rad23b-881"
"Agap3-2089","Alox8-73718055"
"Itpk1-71923998","Slc35c2-2615"
"Dynlrb1-323592","Exosc1-2203"
"Ankrd24-80343396","Pls3-355886"
"Ano6-77887878","Homer1-1748"
"Hepacam-35","Mapre1-2401"
"Midn-71670739","Pvalb-79556738"
"Hepacam-35","Rad23b-881"
"C1ra-77874604","Cwh43-74819236"
"Fryl-73512207","Nr1h3-112205214"
"C030046I01Rik-74881890","Gabarap-2245"
"Krtap12-1-1367","Ncdn-684"
"Galp-79556611","Slc10a3-74047876"
"Gosr2-67855413","Scube3-74988656"
"Elavl2-72340123","Syt12-79556632"
"Dynlrb1-323592","Epha8-72472794"
"Agt-87","Slc27a4-1920"
"Cuedc2-79556640","Tpm3-275873"
"Homer1-1748","Tmeff1-77395095"
"Gtf3c2-7","Pcdh9-10"
"Hmga1-2295","Icosl-1217"
"1500002O20Rik-1954","Htr4-72119658"
"Cnr1-283","Snap47-3"
"9330182L06Rik-75081005","Mpp6-73994666"
"Exosc1-2203","Gabrg1-75551469"
"Gm17746-73931423","Slc30a3-73788094"
"Erf-2195","Galnt13-72472803"
"Cacng8-72108823","Tpm3-275873"
"Exosc1-2203","Il17ra-73520990"
"Galp-79556611","Gdi2-491"
"Mpp6-73994666","Sssca1-79556714"
"Galnt13-72472803","Gosr2-67855413"
"Ncdn-684","Nr4a1-1792"
"Cyp39a1-77874608","Ltbp3-76115733"
"Galnt13-72472803","Meis3-74047845"
"Cyp39a1-77874608","Selk-74800903"
"Gabrb1-2247","Mapre1-2401"
"Cuedc2-79556640","Mpp6-73994666"
"Ltn1-2747","Mapre1-2401"
"Agt-87","Pcdh9-10"
"Anxa6-77332100","Slc30a3-73788094"
"Ttn-74047746","Zdhhc2-72128751"
"Htr4-72119658","Il17ra-73520990"
"Ltbp3-76115733","Ssr2-77869814"
"Ltbp3-76115733","Midn-71670739"
"Camk2g-189","Diras1-72103819"
"Selk-74800903","Ssr2-77869814"
"Cpt1a-1478","Scn5a-73907501"
"Cyp39a1-77874608","Dynlrb1-323592"
"Aqp4-108","Snap47-3"
"Drd3-75038431","Exosc1-2203"
"LOC434300-75988611","Svip-73931622"
"Nomo1-1697","Notch3-1788"
"Aktip-1355","Copb2-1341"
"Ap1b1-356859","Fhdc1-73925717"
"Fbln2-321208","Htr4-72119658"
"Cirh1a-77925143","Exosc1-2203"
"Gabarap-2245","Galnt13-72472803"
"Jup-74425547","Slc35c2-2615"
"Aqp4-108","Gabrb1-2247"
"Dlg2-73817444","Fn3krp-74819239"
"158303","Diras1-72103819"
"Gabarap-2245","Kcns3-77371817"
"Fez2-74272477","Mpp6-73994666"
"158303","Galnt13-72472803"
"Epn3-74357584","Tpm3-275873"
"Armc2-74988750","Exosc1-2203"
"Notch3-1788","Rps5-77868800"
"Copb2-1341","Pcdh9-10"
"Hmga1-2295","Ptrf-73521818"
"1600021P15Rik-71924290","Ttn-74047746"
"Cnr1-283","Copb2-1341"
"BC057022-72077480","Ttn-74047746"
"Tnni3-1065","Trhr-1303"
"Gosr2-67855413","Gpx2-74819652"
"Kcns3-77371817","Nr1h3-112205214"
"Il17rb-2317","Notch3-1788"
"Gnai2-2263","Trhr-1303"
"Gosr2-67855413","Mmp14-74658084"
"Ndel1-1514","Tcerg1-1872"
"Aktip-1355","Crabp1-1179"
"Crabp1-1179","Rwdd2b-1587"
"C230081A13Rik-73931624","Diras1-72103819"
"Gosr2-67855413","Ly6h-71924388"
"B3gat2-74658033","Nmbr-77332086"
"Crabp1-1179","Mapre1-2401"
"Exosc1-2203","Lrrtm3-73931637"
"Col9a2-74750022","Gabarap-2245"
"Gdi2-491","Tpm3-275873"
"Hmga1-2295","Pknox1-1401"
"Krtap12-1-1367","Wnt2b-1589"
"Diras1-72103819","Mef2a-199392"
"Chrna2-75551460","Mef2a-199392"
"Fbxo2-2210","Scn5a-73907501"
"Bad-74881790","Slc30a3-73788094"
"Aktip-1355","Gabrb1-2247"
"Armc2-74988750","B3gat2-74658033"
"Notch3-1788","Sh3bgr-1416"
"B3gat2-74658033","Selk-74800903"
"Lrrtm3-73931637","Selk-74800903"
"Armc2-74988750","Gm6753-77340486"
"Adcy7-2017","Ptrf-73521818"
"B3gat2-74658033","Clcn2-72119656"
"Cbln2-70231306","Mpp6-73994666"
"Elavl2-72340123","Exosc1-2203"
"Cnp-1175","Ncdn-684"
"Lynx1-655","Tnni3-1065"
"Aktip-1355","Nr4a1-1792"
"Asb8-276276","E130016E03Rik-1488"
"Elavl2-72340123","Ttn-74047746"
"Cwh43-74819236","Pip5k1b-77887888"
"Lix1-643","Pls3-355886"
"Notch3-1788","P2ry14-76135748"
"Dlx3-350","Galnt13-72472803"
"Gnai2-2263","Rad23b-881"
"Midn-71670739","Zdhhc2-72128751"
"Mad1l1-70928294","Usp21-2711"
"Syt12-79556632","Zdhhc2-72128751"
"Elmod1-71924269","Gabarap-2245"
"Armc2-74988750","BC057022-72077480"
"Agt-87","Cnp-1175"
"Fryl-73512207","Gabarap-2245"
"Pias4-77414895","Svip-73931622"
"Alk-77371829","Pus7-79556638"
"Gpr108-1619","Gpr151-74724649"
"Exosc1-2203","Scn1a-77340528"
"Adcy7-2017","Icosl-1217"
"Ncdn-684","Ptrf-73521818"
"Nr1h3-112205214","Ssr2-121097"
"Nr4a1-1792","Pknox1-1401"
"Dynlrb1-323592","Scn1a-77340528"
"Dlx5-1450","Exosc1-2203"
"Ccr1-73718058","Mapt-79556696"
"Homer1-1748","Kcnj15-2339"
"Lix1-643","Rec8-77278975"
"Ltbp3-76115733","Sh3bgr-1416"
"Cux1-79556618","Syt12-79556632"
"Sqrdl-74047907","Tpm3-275873"
"Mpp6-73994666","Prrg2-276063"
"Dlst-321200","Gosr2-67855413"
"Elmod1-71924269","Gosr2-67855413"
"Diras1-72103819","Thbs2-73929578"
"Cldn11-77280580","Gosr2-67855413"
"Exosc1-2203","Gm6753-77340486"
"Mecp2-79908808","Selk-74800903"
"Pip5k1b-77887888","Syt12-79556632"
"Aqp4-108","Rad23b-881"
"Mgp-1229","Rwdd2b-1587"
"Icosl-1217","Mgp-1229"
"BC031181-73718052","Isl1-596"
"Gabrb1-2247","Mgp-1229"
"Hnrnph2-112649906","Zfand3-77414923"
"Copb2-1341","Lynx1-655"
"Gtf3c2-7","Mllt11-89"
"Rer1-323586","Scn5a-73907501"
"Atp5o-1158","Cnp-1175"
"Rbbp6-170","Scn4b-73636111"
"Pcdh9-10","Ptrf-73521818"
"Alox8-73718055","Tpm3-275873"
"C1ra-77874604","Cth-75042264"
"Dok1-75042248","Mpp6-73994666"
"Magel2-79591571","Tpm3-275873"
"B3gat2-74658033","Glra4-75551476"
"Cd47-357100","Mpp6-73994666"
"Cth-75042264","Midn-71670739"
"Nr1h3-112205214","Opn1sw-75773699"
"Armc2-74988750","Cyp39a1-77874608"
"Chrna2-75551460","Gosr2-67855413"
"Chn2-74881162","Hpse-77340468"
"Mpp6-73994666","Satb1-79488931"
"Armc2-74988750","Il17rb-2317"
"Agt-87","Tnni3-1065"
"Cth-75042264","Cyp39a1-77874608"
"Mpp6-73994666","Rplp0-74047927"
"Fez2-74272477","Tpm3-275873"
"Chrna2-75551460","Gbx2-77868786"
"Agt-87","Pknox1-1401"
"Crabp1-1179","Pknox1-1401"
"Cdh3-1337","Hmga1-2295"
"Gosr2-67855413","Ipo4-74658174"
"Cth-75042264","Rps5-77868800"
"Alox8-73718055","Prrg2-276063"
"Gnai2-2263","Krtap12-1-1367"
"Aqp4-108","Krtap12-1-1367"
"Ltn1-2747","Lynx1-655"
"Fam114a2-79583813","Plxna3-1403"
"Pvalb-79556738","Syt12-79556632"
"Aktip-1355","Mapre1-2401"
"BC100451-73615805","Rec8-77278975"
"Smpd1-67881552","Tpm3-275873"
"Ar-2039","Ddn-73636031"
"Fgfr1-440","Pcdh9-10"
"Gabrg1-75551469","Htr4-72119658"
"Hepacam-35","Trhr-1303"
"Mgp-1229","Ptrf-73521818"
"Icosl-1217","Ltn1-2747"
"Diras1-72103819","Dlx3-350"
"Tgfb2-77869842","Ywhaz-1133"
"Aqp4-108","Icosl-1217"
"Atp5h-77371785","Galnt13-72472803"
"Elavl2-72340123","Ltbp3-76115733"
"Mapre1-2401","Mllt11-89"
"Alox8-73718055","Dyrk1b-71717583"
"Gabarap-2245","Meis3-74047845"
"Esr1-79591677","Slc30a3-73788094"
"Dlst-321200","Gabarap-2245"
"Ltbp3-76115733","Tm7sf3-77874614"
"Scn4b-73636111","Yme1l1-356849"
"2610109H07Rik-74272038","Gabarap-2245"
"Lynx1-655","Pcdh9-10"
"Galnt13-72472803","Ptn-2507"
"Gabrg1-75551469","Midn-71670739"
"Htr4-72119658","Paip2-77869857"
"BC031181-73718052","Chrnb2-2097"
"Mapre1-2401","Pcdh9-10"
"Mapre1-2401","Ncdn-684"
"Mylk-74819252","Nr1h3-112205214"
"Syt12-79556632","Tcf7l1-1424"
"Exosc1-2203","Gpr137-75651149"
"Chrna2-75551460","Ogt-758"
"Ptrf-73521818","Slc27a4-1920"
"Cth-75042264","Prkg1-73521817"
"Hpse-77340468","Ndel1-1514"
"BC057022-72077480","Notch3-1788"
"Midn-71670739","Ttn-74047746"
"Ltn1-2747","Tnni3-1065"
"Pls3-355886","Tpm3-275873"
"Hmox2-75774681","Pls3-355886"
"Rps5-77868800","Ttn-74047746"
"Htr4-72119658","Il17rb-2317"
"C030046I01Rik-74881890","Nr1h3-112205214"
"Cux1-79556618","Ttn-74047746"
"Grm3-539","Ptprt-866"
"Exosc1-2203","Trap1-1966"
"Selk-74800903","Stub1-79912552"
"Cep78-322963","Pls3-355886"
"Cd8b1-73732149","Galp-79556611"
"Armc2-74988750","Gabrg1-75551469"
"Homer1-1748","Slx1b-74819688"
"Asb8-276276","Mapt-79556696"
"Cwh43-74819236","Trap1-1966"
"Agt-87","Ncdn-684"
"Nfix-2423","Slc19a1-1282"
"Cbln2-70231306","Tpm3-275873"
"P2ry14-76135748","Syt12-79556632"
"Pls3-355886","Prpsap2-293663"
"Gpr137-75651149","Notch3-1788"
"Htr4-72119658","Notum-73732151"
"Diras1-72103819","Gbx2-77868786"
"Cwh43-74819236","Sh3bgr-1416"
"Ltbp3-76115733","Zdhhc2-72128751"
"Gpr108-1619","Rassf4-74988636"
"Ncdn-684","Pcdh9-10"
"Nrm-75042265","Six1-1834"
"Foxa1-77869794","Plk5-74988743"
"Ltbp3-76115733","Pvalb-79556738"
"Aktip-1355","Aqp4-108"
"Aktip-1355","Wnt2b-1589"
"Notch3-1788","Pdgfra-77280309"
"Jup-74425547","Pvrl4-2511"
"Cnp-1175","Pcdh9-10"
"Gabrb1-2247","Pknox1-1401"
"Sh3bgr-1416","Ttn-74047746"
"Copb2-1341","Rwdd2b-1587"
"Nxph3-356852","Ttn-74047746"
"Nrbp2-75774686","Tpm3-275873"
"Cwh43-74819236","Exosc1-2203"
"Pknox1-1401","Snap47-3"
"Pls3-355886","Rec8-77278975"
"Exosc1-2203","Zdhhc2-72128751"
"2610109H07Rik-74272038","Homer1-1748"
"Nomo1-1697","Selk-74800903"
"Hmga1-2295","Tnni3-1065"
"Fbln2-321208","Ssr2-77869814"
"Nr4a1-1792","Rad23b-881"
"Asb8-276276","Crhr1-297"
"Cnr1-283","Nr4a1-1792"
"Cdh9-72472764","Nr1h3-112205214"
"Slc27a4-1920","Trhr-1303"
"Dhdds-70612728","Mchr1-74724669"
"Egflam-74047441","Lhcgr-77869818"
"Galnt13-72472803","Mylk-74819252"
"Ltbp3-76115733","P2ry14-76135748"
"Ltn1-2747","Wnt2b-1589"
"Aktip-1355","Cnp-1175"
"Mpzl1-77332711","Tpm3-275873"
"Armc2-74988750","Elavl2-72340123"
"Copb2-1341","Hepacam-35"
"Crabp1-1179","Rad23b-881"
"Kpnb1-77340472","Nr1h3-112205214"
"Selk-74800903","Zdhhc2-72128751"
"Syt12-79556632","Tm7sf3-77874614"
"Nr1h3-112205214","Ppp1r7-832"
"Htr4-72119658","Scn1a-77340528"
"Pls3-355886","Zmiz1-74988259"
"A130014H13Rik-75041574","Diras1-72103819"
"Homer1-1748","Sostdc1-77874602"
"Gtf3c2-7","Hepacam-35"
"Cwh43-74819236","Epha8-72472794"
"Dlg2-73817444","Rps15-75774687"
"Copb2-1341","Hmga1-2295"
"Gnai2-2263","Ptrf-73521818"
"Clcn2-72119656","Ltbp3-76115733"
"E130016E03Rik-1488","Slc35c2-2615"
"Nog-75084476","Tpm3-275873"
"Notch3-1788","Scn1a-77340528"
"Adcy7-2017","Snap47-3"
"Nr1h3-112205214","Thnsl1-74988343"
"Galnt13-72472803","Nkd1-74586666"
"Hepacam-35","Mgp-1229"
"Htr4-72119658","Pdgfra-77280309"
"Gosr2-67855413","Pou2f1-1563"
"Col9a2-74750022","Nr1h3-112205214"
"Armc2-74988750","Scn1a-77340528"
"Gabrb1-2247","Gnai2-2263"
"Ltbp3-76115733","Rmnd1-77371805"
"Nr4a1-1792","Tnni3-1065"
"Cwh43-74819236","Cyp39a1-77874608"
"Galnt13-72472803","Nr1h3-112205214"
"Krtap12-1-1367","Mgp-1229"
"Plxnc1-820","Ube2g2-1547"
"Cwh43-74819236","Fbln2-321208"
"Drd3-75038431","Ssr2-77869814"
"Cnp-1175","Rwdd2b-1587"
"Dcn-329","Yars-1122"
"Arx-118","Chrna2-75551460"
"Nmbr-77332086","Notch3-1788"
"Cnp-1175","Krtap12-1-1367"
"Krtap12-1-1367","Trhr-1303"
"Galnt13-72472803","Kpna4-2359"
"Krtap12-1-1367","Lynx1-655"
"Ccr1-73718058","Crhr1-297"
"Mgp-1229","Tnni3-1065"
"Dnahc11-73520976","Selk-74800903"
"Styk1-71250308","Syt12-79556632"
"Efnb3-79556601","Smpd1-77413684"
"Mgp-1229","Snap47-3"
"Rec8-77278975","Rer1-323586"
"Scn4b-73636111","Stoml2-74581379"
"Cnr1-283","Rad23b-881"
"Alox8-73718055","Pls3-355886"
"Cth-75042264","Il17ra-73520990"
"BC100451-73615805","Mpp6-73994666"
"Cth-75042264","Notum-73732151"
"Il16-71064290","Ntm-77866868"
"Hbb-77340464","Pls3-355886"
"Dhdds-70612728","Nr5a1-734"
"Cnp-1175","Trhr-1303"
"B3gat2-74658033","Stub1-79912552"
"Gosr2-67855413","Sprn-73512367"
"Gng7-77371857","Svip-73931622"
"Rplp0-74047927","Tpm3-275873"
"Pvrl4-2511","Rasal1-75774111"
"Atp5o-1158","Slc27a4-1920"
"Fam114a2-79583813","Mapt-79556696"
"Diras1-72103819","Nrtn-741"
"Asns-74047788","Chrm4-261"
"Scn5a-73907501","Sqrdl-74047907"
"Alox8-73718055","Sqrdl-74047907"
"Gosr2-67855413","Ndufa10-74658173"
"1500002O20Rik-1954","Syt12-79556632"
"Snap47-3","Wnt2b-1589"
"Gabarap-2245","Gpx2-74819652"
"Acvrl1-79488929","Notch3-1788"
"Dnalc4-74047778","LOC381765-74425521"
"Asb8-276276","Jup-74425547"
"Kcnc2-73512364","Ltbp3-76115733"
"Agap3-2089","Scn5a-73907501"
"Ltn1-2747","Rwdd2b-1587"
"Gnai2-2263","Pknox1-1401"
"Ak1-77414110","Zfand3-77414923"
"Cdh3-1337","Icosl-1217"
"Cirh1a-77925143","Ttn-74047746"
"Gosr2-67855413","Mef2c-79567505"
"Efnb3-79556601","Svip-73931622"
"Dynlrb1-323592","Nomo1-1697"
"Plxna3-1403","Pvrl4-2511"
"P2ry14-76135748","Ttn-74047746"
"1500002O20Rik-1954","Cwh43-74819236"
"Selk-74800903","Trap1-1966"
"Atp5h-77371785","Nr1h3-112205214"
"B3gat2-74658033","Gm6753-77340486"
"Dnahc11-73520976","Dynlrb1-323592"
"Fbln2-321208","Selk-74800903"
"Aktip-1355","Slc27a4-1920"
"Adcy7-2017","Hepacam-35"
"Nr1h3-112205214","Pgrmc2-74882697"
"Ptrf-73521818","Wnt2b-1589"
"Cep78-322963","Tpm3-275873"
"Gpr137-75651149","Htr4-72119658"
"Dyrk1b-71717583","Tpm3-275873"
"Mecp2-79908808","Syt12-79556632"
"Hbb-77340464","Mpp6-73994666"
"Ankrd10-2027","Pls3-355886"
"Cdh3-1337","Ncdn-684"
"Cep72-74988742","Chrna2-75551460"
"Fam46a-73520967","Homer1-1748"
"Stub1-79912552","Syt12-79556632"
"Aqp4-108","Mapre1-2401"
"Exosc1-2203","Mecp2-79908808"
"Gpr137-75651149","Midn-71670739"
"Mgp-1229","Nr4a1-1792"
"Apbb1-2033","Chrna2-75551460"
"Gtf3c2-7","Rwdd2b-1587"
"Gm6753-77340486","Scn1a-77340528"
"Hmga1-2295","Rwdd2b-1587"
"Grm1-537","Scn5a-73907501"
"Hap1-549","Lgals1-75651181"
"Cwh43-74819236","Scn1a-77340528"
"Gprasp1-70743888","Tspyl2-73817931"
"Gdi2-491","Pls3-355886"
"Copb2-1341","Ptrf-73521818"
"Notch3-1788","Pip5k1b-77887888"
"Rfxank-67881545","Slc30a3-73788094"
"Cth-75042264","Trap1-1966"
"Ptprt-866","Ptpru-858"
"Gabarap-2245","Mylk-74819252"
"C1ra-77874604","Ttn-74047746"
"Aqp4-108","Wnt2b-1589"
"Manea-74882656","Npr1-71670678"
"Aqp4-108","Nr4a1-1792"
"Armc2-74988750","Epha8-72472794"
"Dlx5-1450","Midn-71670739"
"Mpp6-73994666","Rec8-77278975"
"C1ra-77874604","Ltbp3-76115733"
"Gng12-73512194","Tpm3-275873"
"Ap1b1-356859","Gpr151-74724649"
"Pknox1-1401","Wnt2b-1589"
"Exosc1-2203","Gja1-79556642"
"Aktip-1355","Ltn1-2747"
"Dnahc11-73520976","Exosc1-2203"
"Copb2-1341","Mapre1-2401"
"Cdh3-1337","Tnni3-1065"
"1500002O20Rik-1954","Armc2-74988750"
"Aktip-1355","Rwdd2b-1587"
"Htr4-72119658","Prkg1-73521817"
"Adipor1-61210","Lhcgr-77869818"
"Lrig1-1371","Top2a-1301"
"Exosc1-2203","Sh3bgr-1416"
"Aktip-1355","Ncdn-684"
"Cwh43-74819236","Paip2-77869857"
"Adipor1-61210","Chst10-74657931"
"Adcy7-2017","Ltn1-2747"
"Cirh1a-77925143","Htr4-72119658"
"Copb2-1341","Crabp1-1179"
"Syt12-79556632","Trap1-1966"
"Homer1-1748","Mef2c-79567505"
"Kcnc2-73512364","Midn-71670739"
"Cwh43-74819236","Dnahc11-73520976"
"Krtap12-1-1367","Ltn1-2747"
"Mgp-1229","Wnt2b-1589"
"Adipor1-61210","Ptbp1-356857"
"Ar-2039","Crispld1-72077456"
"Fam105a-74819326","Scn5a-73907501"
"Gabrb1-2247","Hepacam-35"
"Cirh1a-77925143","Midn-71670739"
"9330182L06Rik-75081005","Pls3-355886"
"Nr1h3-112205214","Slx1b-74819688"
"Exosc1-2203","Rmnd1-77371805"
"Epn3-74357584","Pls3-355886"
"Galp-79556611","Suv39h2-1538"
"Mecp2-79908808","Ttn-74047746"
"Adcy7-2017","Cdh3-1337"
"Fbxo2-2210","Tpm3-275873"
"Ltn1-2747","Trhr-1303"
"Acvrl1-79488929","Exosc1-2203"
"Slc18a2-79591703","Tnnt3-61411"
"Cadm2-73635999","Gosr2-67855413"
"Gabrb1-2247","Rad23b-881"
"Pvalb-79556738","Ttn-74047746"
"Diras1-72103819","Ptn-2507"
"Cnp-1175","Mllt11-89"
"Cldn11-77280580","Gabarap-2245"
"Gosr2-67855413","Pafah1b1-2460"
"Plxna3-1403","Slc35c2-2615"
"Fgfr1-440","Icosl-1217"
"Ltbp3-76115733","Styk1-71250308"
"B3gat2-74658033","Exosc1-2203"
"Ssr2-77869814","Vwa5b2-73636029"
"Galp-79556611","Lhx4-2377"
"Adcy7-2017","Gtf3c2-7"
"Agt-87","Cnr1-283"
"Hepacam-35","Slc27a4-1920"
"Cnr1-283","Mapre1-2401"
"Cth-75042264","Stub1-79912552"
"Ankrd10-2027","Rec8-77278975"
"Egflam-74047441","Gm10413-73929885"
"Gnrh1-75080152","Gosr2-67855413"
"Cd47-357100","Galp-79556611"
"Mecp2-79908808","Notch3-1788"
"Scn4b-73636111","Zfp790-356855"
"Cnp-1175","Mgp-1229"
"Agt-87","Fgfr1-440"
"Dlg2-73817444","Tgfb2-77869842"
"Cd4-74819249","Dcn-329"
"C1ra-77874604","Htr4-72119658"
"Asb8-276276","Plxna3-1403"
"Ttn-74047746","Vwa5b2-73636029"
"Exosc1-2203","F3-77280341"
"Hmga1-2295","Wnt2b-1589"
"Chrna2-75551460","Zfp932-75774665"
"Dlx5-1450","Ltbp3-76115733"
"Galp-79556611","Mpp6-73994666"
"Copb2-1341","Rad23b-881"
"Apbb1-2033","Galnt13-72472803"
"Ano6-77887878","Gabarap-2245"
"Hepacam-35","Ncdn-684"
"A130014H13Rik-75041574","Chrna2-75551460"
"Galnt13-72472803","Sart3-74819691"
"Cwh43-74819236","Lrrtm3-73931637"
"Mrpl39-673","Scn4b-73636111"
"Gabarap-2245","Mef2c-79567505"
"Icosl-1217","Nr4a1-1792"
"Camk4-75038464","Homer1-1748"
"Pcdh9-10","Slc27a4-1920"
"Cwh43-74819236","Gpr137-75651149"
"Mgp-1229","Slc27a4-1920"
"Six1-1834","Svip-73931622"
"Ncdn-684","Trhr-1303"
"Gabarap-2245","Pitrm1-74273117"
"Aqp4-108","Crabp1-1179"
"Alox8-73718055","Grm1-537"
"Gabarap-2245","Mmp14-74658084"
"Cnp-1175","Crabp1-1179"
"Gosr2-67855413","Nxn-72007747"
"B3gat2-74658033","Mecp2-79908808"
"Mpp6-73994666","Suv39h2-1538"
"Tcerg1l-75041511","Zfand3-77414923"
"Fam105a-74819326","Galp-79556611"
"Creb3l1-112197858","Dhdds-70612728"
"Epha8-72472794","Midn-71670739"
"1600021P15Rik-71924290","Midn-71670739"
"Camk4-75038464","Galnt13-72472803"
"Dlg2-73817444","Ywhaz-1133"
"Drd3-75038431","Dynlrb1-323592"
"Notch3-1788","Prkg1-73521817"
"Agap3-2089","Mpp6-73994666"
"Scn1a-77340528","Selk-74800903"
"Diras1-72103819","Zfp932-75774665"
"Ltbp3-76115733","Tcf7l1-1424"
"Rmnd1-77371805","Syt12-79556632"
"Gabarap-2245","Slc43a2-74425544"
"Agap3-2089","Galp-79556611"
"Dynlrb1-323592","Prkg1-73521817"
"1200011I18Rik-77414569","Ap1b1-356859"
"Dlx5-1450","Notch3-1788"
"Krtap12-1-1367","Nr4a1-1792"
"Gja1-79556642","Midn-71670739"
"Midn-71670739","Pdgfra-77280309"
"Mmp14-74658084","Nr1h3-112205214"
"Dynlrb1-323592","F3-77280341"
"Notch3-1788","Ssr2-77869814"
"Homer1-1748","Sprn-73512367"
"Tcerg1-1872","Usp21-2711"
"Ap2s1-71836889","Gosr2-67855413"
"Egflam-74047441","Gnal-71670716"
"Cnr1-283","Crabp1-1179"
"Armc2-74988750","Paip2-77869857"
"Gosr2-67855413","Mylk-74819252"
"Rps5-77868800","Syt12-79556632"
"Cdh3-1337","Gabrb1-2247"
"Dynlrb1-323592","Gpr137-75651149"
"Cdh3-1337","Mapre1-2401"
"Armc2-74988750","Zdhhc2-72128751"
"B3gat2-74658033","Cth-75042264"
"Chrna2-75551460","Col9a2-74750022"
"Mgp-1229","Ncdn-684"
"BC031181-73718052","LOC436099-73512350"
"Dynlrb1-323592","Lrrtm3-73931637"
"Atp5o-1158","Pcdh9-10"
"Ltn1-2747","Ncdn-684"
"Ciao1-2051","Fndc4-293665"
"Mpp6-73994666","Pls3-355886"
"Ncdn-684","Tnni3-1065"
"Cep72-74988742","Galnt13-72472803"
"Hmga1-2295","Nr4a1-1792"
"Cnp-1175","Lynx1-655"
"Elavl2-72340123","Htr4-72119658"
"Hapln1-77332706","Nr1h3-112205214"
"Gabrb3-75551468","Gosr2-67855413"
"Magel2-79591571","Rec8-77278975"
"Alox8-73718055","Suv39h2-1538"
"Agt-87","Cdh3-1337"
"Midn-71670739","Stub1-79912552"
"Gnai2-2263","Tnni3-1065"
"Gpr108-1619","Rgs2-73635771"
"Arntl-79556656","Otof-73788043"
"Cth-75042264","Gabrg1-75551469"
"Icosl-1217","Ncdn-684"
"BC100451-73615805","Galp-79556611"
"1600021P15Rik-71924290","Syt12-79556632"
"Egflam-74047441","Hmg20a-357093"
"Elavl2-72340123","Midn-71670739"
"Dyrk1b-71717583","Mpp6-73994666"
"Midn-71670739","Notch3-1788"
"Homer1-1748","Ppp1r7-832"
"B3gat2-74658033","Rmnd1-77371805"
"Clcn2-72119656","Selk-74800903"
"Htr4-72119658","Pip5k1b-77887888"
"Dynlrb1-323592","Mecp2-79908808"
"Exosc1-2203","Prkg1-73521817"
"Ltn1-2747","Pcdh9-10"
"Cux1-79556618","Exosc1-2203"
"Dynlrb1-323592","Rps5-77868800"
"Fbxo2-2210","Rec8-77278975"
"Galnt13-72472803","Ppp1r7-832"
"Agap3-2089","Pls3-355886"
"1600021P15Rik-71924290","Ltbp3-76115733"
"Nr1h3-112205214","Nxn-72007747"
"9330182L06Rik-75081005","Tpm3-275873"
"Gja1-79556642","Selk-74800903"
"B3gat2-74658033","Prkg1-73521817"
"Mapt-79556696","Pvrl4-2511"
"Atp5o-1158","Copb2-1341"
"Gdi2-491","Mpp6-73994666"
"Armc2-74988750","P2ry14-76135748"
"Chn2-74881162","Mad1l1-70928294"
"Camk4-75038464","Nr1h3-112205214"
"P2rx2-75551473","Trav3-3-71670720"
"Cpt1c-2117","Galnt13-72472803"
"Cth-75042264","P2ry14-76135748"
"Nr1h3-112205214","Rgnef-74272892"
"Diras1-72103819","Erf-2195"
"Ssr2-77869814","Syt12-79556632"
"Cux1-79556618","Ltbp3-76115733"
"Exosc1-2203","Kcnc2-73512364"
"Dynlrb1-323592","Notum-73732151"
"Panx2-74581443","Pvrl4-2511"
"Crabp1-1179","Mgp-1229"
"Gabarap-2245","Tmeff1-77395095"
"Gabarap-2245","Spint2-74047774"
"Galp-79556611","Pls3-355886"
"Cth-75042264","Kcnc2-73512364"
"Lynx1-655","Mgp-1229"
"Galnt13-72472803","Mapk13-2397"
"Fgfr1-440","Trhr-1303"
"Krtap12-1-1367","Snap47-3"
"Ap2s1-71836889","Homer1-1748"
"Drd3-75038431","Midn-71670739"
"Cwh43-74819236","Prkg1-73521817"
"Cnr1-283","Pcdh9-10"
"Cwh43-74819236","Rps5-77868800"
"Copb2-1341","Nr4a1-1792"
"Ngfrap1-1786","Tpm3-275873"
"Neurod6-698","Rec8-77278975"
"Fgfr1-440","Rwdd2b-1587"
"Ptrf-73521818","Snap47-3"
"Galnt13-72472803","Ogt-758"
"Ankrd24-80343396","Mpp6-73994666"
"Plcb1-75084969","Scn5a-73907501"
"Cux1-79556618","Cwh43-74819236"
"Gpr108-1619","Znrf1-74581382"
"Gtf3c2-7","Trhr-1303"
"Ap1b1-356859","Pias4-77414895"
"Aktip-1355","Ptrf-73521818"
"Hmox2-75774681","Mpp6-73994666"
"Ltn1-2747","Mllt11-89"
"Fbln2-321208","Notum-73732151"
"Notch3-1788","Notum-73732151"
"Dnahc11-73520976","Ttn-74047746"
"Armc2-74988750","Mecp2-79908808"
"Cth-75042264","Fbln2-321208"
"Cux1-79556618","Midn-71670739"
"Arntl-79556656","Npffr2-70562070"
"Pls3-355886","Ptger4-112203056"
"Agt-87","Gtf3c2-7"
"Dnahc11-73520976","Ltbp3-76115733"
"Alox8-73718055","Fam105a-74819326"
"Htr4-72119658","Rmnd1-77371805"
"Nkd1-74586666","Nr1h3-112205214"
"Homer1-1748","Rgnef-74272892"
"F3-77280341","Htr4-72119658"
"Homer1-1748","Kcns3-77371817"
"Cdh3-1337","Lynx1-655"
"Gabarap-2245","Ppp1r7-832"
"Exosc1-2203","Syt12-79556632"
"Dlx5-1450","Selk-74800903"
"Aqp4-108","Ncdn-684"
"Cdh3-1337","Ltn1-2747"
"Il16-71064290","Nrm-75042265"
"Alox8-73718055","Fbxo2-2210"
"Fam196a-75042244","Mpp6-73994666"
"Galnt13-72472803","Mef2a-199392"
"Grm1-537","Pls3-355886"
"Aqp4-108","Gnai2-2263"
"Hepacam-35","Rwdd2b-1587"
"Lhx4-2377","Scn5a-73907501"
"Armc2-74988750","Tm7sf3-77874614"
"Crabp1-1179","Ltn1-2747"
"Gpr108-1619","N4bp2-74363354"
"Cdh9-72472764","Homer1-1748"
"Cwh43-74819236","Il17ra-73520990"
"Alox8-73718055","Cd8b1-73732149"
"Copb2-1341","Icosl-1217"
"Hepacam-35","Wnt2b-1589"
"Alox8-73718055","Ngfrap1-1786"
"Chn2-74881162","Ndel1-1514"
"Gabrb1-2247","Hmga1-2295"
"Gabarap-2245","Nxn-72007747"
"Mllt11-89","Ncdn-684"
"Fhdc1-73925717","Gpr108-1619"
"Cth-75042264","Pip5k1b-77887888"
"Diras1-72103819","Sart3-74819691"
"Aktip-1355","Snap47-3"
"Chrna2-75551460","Opn1sw-75773699"
"Galnt13-72472803","Nrtn-741"
"Atp5o-1158","Fgfr1-440"
"Egflam-74047441","Ptbp1-356857"
"B3gat2-74658033","Ssr2-77869814"
"Lrrtm3-73931637","Ttn-74047746"
"Htr4-72119658","Lrrtm3-73931637"
"Epha8-72472794","Htr4-72119658"
"Mad1l1-70928294","Tcerg1-1872"
"1500002O20Rik-1954","Dynlrb1-323592"
"Atp5o-1158","Rad23b-881"
"Hapln1-77332706","Homer1-1748"
"Drd3-75038431","Selk-74800903"
"Armc2-74988750","F3-77280341"
"Gtf3c2-7","Nr4a1-1792"
"Cth-75042264","Pdgfra-77280309"
"Rec8-77278975","Slc10a3-74047876"
"1500002O20Rik-1954","Ttn-74047746"
"Adcy7-2017","Pcdh9-10"
"1600021P15Rik-71924290","Cwh43-74819236"
"Hmga1-2295","Ncdn-684"
"3110082D06Rik-74581400","Homer1-1748"
"Fbxo2-2210","Galp-79556611"
"Dtd1-1742","Fndc4-293665"
"Hepacam-35","Ltn1-2747"
"Hepacam-35","Tnni3-1065"
"Alox8-73718055","Sssca1-79556714"
"Ap1b1-356859","LOC434300-75988611"
"Cd4-74819249","Yars-1122"
"Pcdh9-10","Wnt2b-1589"
"Mapre1-2401","Snap47-3"
"Coro1c-75651191","Serpinb8-293668"
"Cd97-112646460","Egflam-74047441"
"0610010F05Rik-74957923","Nr1h3-112205214"
"Agt-87","Hmga1-2295"
"Ntm-77866868","Pias4-77414895"
"Cdh3-1337","Cnr1-283"
"Ltbp3-76115733","Stub1-79912552"
"Dynlrb1-323592","Paip2-77869857"
"Ncdn-684","Pknox1-1401"
"Gosr2-67855413","Tmie-74957868"
"Galnt13-72472803","Pou2f1-1563"
"Cwh43-74819236","Pdgfra-77280309"
"Cux1-79556618","Selk-74800903"
"Htr4-72119658","Zdhhc2-72128751"
"Gabrq-79591569","Tpm3-275873"
"Crabp1-1179","Fgfr1-440"
"Adcy7-2017","Wnt2b-1589"
"Dyrk1b-71717583","Galp-79556611"
"Hepacam-35","Ptrf-73521818"
"Glra4-75551476","Syt12-79556632"
"1500002O20Rik-1954","Cth-75042264"
"Gosr2-67855413","Kpnb1-77340472"
"Agt-87","Copb2-1341"
"Apbb1-2033","Diras1-72103819"
"Cwh43-74819236","Tcf7l1-1424"
"Dynlrb1-323592","Pdgfra-77280309"
"Copb2-1341","Ncdn-684"
"Homer1-1748","Plxnd1-77340482"
"Gosr2-67855413","Hapln1-77332706"
"Scn5a-73907501","Slc10a3-74047876"
"C1ra-77874604","Syt12-79556632"
"Cyp39a1-77874608","Exosc1-2203"
"Gabarap-2245","Thbs2-73929578"
"Cldn11-77280580","Nr1h3-112205214"
"Adcy7-2017","Rwdd2b-1587"
"Galnt13-72472803","Opn1sw-75773699"
"Gabrb1-2247","Ltn1-2747"
"BC057022-72077480","Midn-71670739"
"Gca-74641159","Pvrl4-2511"
"Gosr2-67855413","Kcnj15-2339"
"Slc27a4-1920","Snap47-3"
"Armc2-74988750","Prkg1-73521817"
"Fndc3b-74988759","Gosr2-67855413"
"BC031353-77371767","Lgals1-75651181"
"Dlx5-1450","Syt12-79556632"
"Crh-292","Hpse-77340468"
"Cyp39a1-77874608","Syt12-79556632"
"Chrna2-75551460","Kpna4-2359"
"Exosc1-2203","Rps5-77868800"
"Clip4-75774680","Gosr2-67855413"
"158303","Chrna2-75551460"
"Alox8-73718055","Mtrr-2413"
"Satb1-79488931","Tpm3-275873"
"Il17ra-73520990","Notch3-1788"
"Homer1-1748","Thbs2-73929578"
"Cnr1-283","Pknox1-1401"
"Adcy7-2017","Krtap12-1-1367"
"Gabarap-2245","Ndufa10-74658173"
"Dynlrb1-323592","Trap1-1966"
"Ntm-77866868","Ttc9b-71249081"
"Dok1-75042248","Tpm3-275873"
"Aktip-1355","Mgp-1229"
"Gng12-73512194","Pls3-355886"
"Cwh43-74819236","Mecp2-79908808"
"Glra4-75551476","Notch3-1788"
"Dynlrb1-323592","Il17ra-73520990"
"Cadm2-73635999","Gabarap-2245"
"B3gat2-74658033","Notum-73732151"
"Rwdd2b-1587","Trhr-1303"
"Krtap12-1-1367","Slc27a4-1920"
"Cth-75042264","F3-77280341"
"Chrna2-75551460","Nrtn-741"
"Homer1-1748","Tmx4-74882217"
"Agt-87","Ptrf-73521818"
"Atp5o-1158","Cnr1-283"
"Homer1-1748","Thnsl1-74988343"
"Kcna1-73994714","Mpp6-73994666"
"Dok1-75042248","Pls3-355886"
"Ltbp3-76115733","Nmbr-77332086"
"Agt-87","Icosl-1217"
"Tcf7l1-1424","Ttn-74047746"
"Glra4-75551476","Selk-74800903"
"Egflam-74047441","Gm261-73636032"
"Ccr1-73718058","Jup-74425547"
"Agt-87","Rad23b-881"
"Klk8-72129241","Trps1-75043140"
"Magel2-79591571","Scn5a-73907501"
"Copb2-1341","Gtf3c2-7"
"Fam105a-74819326","Pls3-355886"
"Homer1-1748","Mmp14-74658084"
"Ltbp3-76115733","Pip5k1b-77887888"
"Clip4-75774680","Gabarap-2245"
"Ap1b1-356859","Ttc9b-71249081"
"Mgp-1229","Rad23b-881"
"Gtf3c2-7","Pknox1-1401"
"Pappa2-276066","Reln-890"
"Cth-75042264","Dlx5-1450"
"Dlg2-73817444","Rims3-75042242"
"Gosr2-67855413","Inhbb-73636087"
"Notch3-1788","Zdhhc2-72128751"
"3110082D06Rik-74581400","Gabarap-2245"
"Copb2-1341","Gabrb1-2247"
"Mllt11-89","Slc27a4-1920"
"Nr1h3-112205214","Sprn-73512367"
"Chn2-74881162","Crh-292"
"Atp5h-77371785","Gabarap-2245"
"Crabp1-1179","Gnai2-2263"
"Dynlrb1-323592","Il17rb-2317"
"Nrbp2-75774686","Pls3-355886"
"Egflam-74047441","Rspo2-71016632"
"Alox8-73718055","Cpt1a-1478"
"Cbln2-70231306","Pls3-355886"
"Paip2-77869857","Selk-74800903"
"Acvrl1-79488929","Selk-74800903"
"Lynx1-655","Ptrf-73521818"
"Ap1b1-356859","N4bp2-74363354"
"Selk-74800903","Sh3bgr-1416"
"Fmnl1-75041433","Top2a-1301"
"Rer1-323586","Tpm3-275873"
"Il17ra-73520990","Midn-71670739"
"Rec8-77278975","Suv39h2-1538"
"Pcdh9-10","Rwdd2b-1587"
"Chst10-74657931","Egflam-74047441"
"Mpp6-73994666","Slc10a3-74047876"
"Cpt1a-1478","Pls3-355886"
"Gabrq-79591569","Mpp6-73994666"
"Cwh43-74819236","Drd3-75038431"
"Midn-71670739","Trap1-1966"
"Copb2-1341","Gnai2-2263"
"Cd47-357100","Scn5a-73907501"
"Scn5a-73907501","Suv39h2-1538"
"Notch3-1788","Paip2-77869857"
"Adcy7-2017","Mgp-1229"
"Agap3-2089","Rec8-77278975"
"Homer1-1748","Ly6h-71924388"
"Gpr137-75651149","Ttn-74047746"
"Gnai2-2263","Mllt11-89"
"Diras1-72103819","Ogt-758"
"Nr1h3-112205214","Slc43a2-74425544"
"Notch3-1788","Tcf7l1-1424"
"Cdh3-1337","Pknox1-1401"
"Enpp2-77413700","Mpp6-73994666"
"Dock6-75041548","Ncaph2-355887"
"Cdh3-1337","Trhr-1303"
"9030224M15Rik-74581410","Steap3-74881275"
"Atp5o-1158","Ncdn-684"
"Nr1h3-112205214","Tmx4-74882217"
"Armc2-74988750","Pvalb-79556738"
"Mpp6-73994666","Smpd1-67881552"
"Htr4-72119658","Midn-71670739"
"Galnt13-72472803","Kcns3-77371817"
"Ap2s1-71836889","Gabarap-2245"
"Ncdn-684","Wnt2b-1589"
"Pdgfra-77280309","Selk-74800903"
"Gabarap-2245","Pgrmc2-74882697"
"Slc27a4-1920","Tnni3-1065"
"Chrna2-75551460","Sart3-74819691"
"Ncdn-684","Rwdd2b-1587"
"Aqp4-108","Cnr1-283"
"Epha8-72472794","Exosc1-2203"
"Kcnc2-73512364","Notch3-1788"
"Nmbr-77332086","Sh3bgr-1416"
"Cuedc2-79556640","Pls3-355886"
"Cwh43-74819236","Nmbr-77332086"
"Gnai2-2263","Gtf3c2-7"
"Gosr2-67855413","Ssr2-121097"
"Lmo1-1373","Mx1-1385"
"1600021P15Rik-71924290","Armc2-74988750"
"1200011I18Rik-77414569","Gpr108-1619"
"2610109H07Rik-74272038","Nr1h3-112205214"
"Cnp-1175","Gnai2-2263"
"Gng12-73512194","Mpp6-73994666"
"Htr4-72119658","Mecp2-79908808"
"Armc2-74988750","Cirh1a-77925143"
"Ar-2039","Ntrk1-71670679"
"Cdh3-1337","Rad23b-881"
"Midn-71670739","Tcf7l1-1424"
"Cth-75042264","Nmbr-77332086"
"Styk1-71250308","Ttn-74047746"
"Mapre1-2401","Pknox1-1401"
"Agt-87","Krtap12-1-1367"
"Pls3-355886","Slc10a3-74047876"
"B3gat2-74658033","Ttn-74047746"
"Grm3-539","Ptpru-858"
"Trap1-1966","Ttn-74047746"
"Cnr1-283","Mllt11-89"
"Gosr2-67855413","Opn1sw-75773699"
"Mapre1-2401","Tnni3-1065"
"Elmod1-71924269","Nr1h3-112205214"
"2610109H07Rik-74272038","Gosr2-67855413"
"Galp-79556611","Sssca1-79556714"
"Exosc1-2203","Htr4-72119658"
"B3gat2-74658033","Ltbp3-76115733"
"Glud1-503","Rora-900"
"Adk-70928196","Sowaha-71250306"
"Il17ra-73520990","Ttn-74047746"
"Cirh1a-77925143","Notch3-1788"
"Cnp-1175","Nr4a1-1792"
"Exosc1-2203","Pip5k1b-77887888"
"Gja1-79556642","Ltbp3-76115733"
"Pknox1-1401","Slc27a4-1920"
"Scn1a-77340528","Sh3bgr-1416"
"Glra4-75551476","Ttn-74047746"
"Fgfr1-440","Nr4a1-1792"
"Homer1-1748","Pafah1b1-2460"
"Asns-74047788","Hpse-77340468"
"Notch3-1788","Rmnd1-77371805"
"Alox8-73718055","BC100451-73615805"
"Gm6753-77340486","Syt12-79556632"
"Gabrb1-2247","Ncdn-684"
"Rad23b-881","Snap47-3"
"Mllt11-89","Ptrf-73521818"
"Galp-79556611","Magel2-79591571"
"Galp-79556611","Plcb1-75084969"
"Crabp1-1179","Tnni3-1065"
"Mpp6-73994666","Sqrdl-74047907"
"Cirh1a-77925143","Cwh43-74819236"
"Gtf3c2-7","Ncdn-684"
"Exosc1-2203","Notch3-1788"
"Dynlrb1-323592","Tm7sf3-77874614"
"Fam46a-73520967","Nr1h3-112205214"
"Prkg1-73521817","Selk-74800903"
"Drd3-75038431","Syt12-79556632"
"Mpp6-73994666","Ndufv3-12"
"Ankrd10-2027","Mpp6-73994666"
"Gm6753-77340486","Notch3-1788"
"Aqp4-108","Mgp-1229"
"Agt-87","Aktip-1355"
"Asb8-276276","Rasal1-75774111"
"Gabarap-2245","Ly6h-71924388"
"Exosc1-2203","Pdgfra-77280309"
"Adcy4-73512495","Slc30a3-73788094"
"Ptrf-73521818","Rwdd2b-1587"
"Ptger4-112203056","Tpm3-275873"
"Ghrh-496","Rora-900"
"Atp5h-77371785","Gosr2-67855413"
"Adcy7-2017","Cnr1-283"
"Gosr2-67855413","Thnsl1-74988343"
"Copb2-1341","Krtap12-1-1367"
"Nfia-1239","Reln-890"
"Gabarap-2245","Ubl4-75774670"
"Mapre1-2401","Ptrf-73521818"
"Exosc1-2203","Fbln2-321208"
"Ltbp3-76115733","Scn1a-77340528"
"Chrna2-75551460","Mapk13-2397"
"Cyp39a1-77874608","Notch3-1788"
"Elavl2-72340123","Notch3-1788"
"Cux1-79556618","Notch3-1788"
"Armc2-74988750","Rmnd1-77371805"
"Crabp1-1179","Wnt2b-1589"
"2310042E22Rik-74357582","BC031181-73718052"
"Gnai2-2263","Hmga1-2295"
"Sh3bgr-1416","Ssr2-77869814"
"Pls3-355886","Rplp0-74047927"
"Cnp-1175","Snap47-3"
"Ngfrap1-1786","Pls3-355886"
"Cnp-1175","Ptrf-73521818"
"Fgfr1-440","Mllt11-89"
"Gabarap-2245","Nkd1-74586666"
"Mpzl1-77332711","Pls3-355886"
"Cdh3-1337","Ptrf-73521818"
"0610010F05Rik-74957923","Gabarap-2245"
"Pls3-355886","Postn-77371799"
"Ankrd10-2027","Scn5a-73907501"
"B3gat2-74658033","Elavl2-72340123"
"Agt-87","Hepacam-35"
"Icosl-1217","Pknox1-1401"
"Htr4-72119658","Tm7sf3-77874614"
"Cdh3-1337","Wnt2b-1589"
"LOC434300-75988611","Ntm-77866868"
"Armc2-74988750","Il17ra-73520990"
"Cwh43-74819236","Tm7sf3-77874614"
"Coro1c-75651191","Ntm-77866868"
"Rec8-77278975","Sqrdl-74047907"
"Gabrb1-2247","Gtf3c2-7"
"Gnai2-2263","Hepacam-35"
"Exosc1-2203","Paip2-77869857"
"Armc2-74988750","Pdgfra-77280309"
"Homer1-1748","Pgrmc2-74882697"
"Gm6753-77340486","Ltbp3-76115733"
"Eif2d-323588","Scn4b-73636111"
"B3gat2-74658033","Syt12-79556632"
"Cwh43-74819236","Pvalb-79556738"
"Mpp6-73994666","Mtrr-2413"
"Hap1-549","Pgrmc1-797"
"Midn-71670739","Sh3bgr-1416"
"Gabarap-2245","Slx1b-74819688"
"Copb2-1341","Wnt2b-1589"
"Cd47-357100","Tpm3-275873"
"Aktip-1355","Tnni3-1065"
"Ap2s1-71836889","Nr1h3-112205214"
"Iscu-74819565","Tpm3-275873"
"Nr1h3-112205214","Ubl4-75774670"
"Fryl-73512207","Homer1-1748"
"Notch3-1788","Trap1-1966"
"Drd3-75038431","Htr4-72119658"
"Selk-74800903","Tcf7l1-1424"
"Nmbr-77332086","Syt12-79556632"
"Cdh3-1337","Rwdd2b-1587"
"Cdh3-1337","Slc27a4-1920"
"Clcn2-72119656","Cth-75042264"
"Mpp6-73994666","Nrbp2-75774686"
"Hmox2-75774681","Tpm3-275873"
"Col16a1-74273122","Egflam-74047441"
"Adcy7-2017","Hmga1-2295"
"Gosr2-67855413","Ubl4-75774670"
"Gosr2-67855413","Slx1b-74819688"
"Aqp4-108","Cdh3-1337"
"Cyp39a1-77874608","Ttn-74047746"
"Homer1-1748","Ipo4-74658174"
"Alox8-73718055","Gdi2-491"
"Rps5-77868800","Selk-74800903"
"Htr4-72119658","Kcnc2-73512364"
"Aktip-1355","Cdh3-1337"
"Fbxo2-2210","Pls3-355886"
"Homer1-1748","Slc43a2-74425544"
"Il17ra-73520990","Selk-74800903"
"Cux1-79556618","Htr4-72119658"
"BC057022-72077480","Exosc1-2203"
"Cnp-1175","Hepacam-35"
"Aktip-1355","Krtap12-1-1367"
"Pcdh9-10","Trhr-1303"
"Homer1-1748","Spint2-74047774"
"Camk2g-189","Galnt13-72472803"
"Fn3krp-74819239","Rps15-75774687"
"Fgfr1-440","Mgp-1229"
"Cth-75042264","Drd3-75038431"
"Gabarap-2245","Thnsl1-74988343"
"Aqp4-108","Trhr-1303"
"Acvrl1-79488929","Midn-71670739"
"Htr4-72119658","Stub1-79912552"
"Cwh43-74819236","Rmnd1-77371805"
"Epha8-72472794","Ttn-74047746"
"Pls3-355886","Prrg2-276063"
"Gosr2-67855413","Pgrmc2-74882697"
"Acvrl1-79488929","Armc2-74988750"
"Krtap12-1-1367","Pknox1-1401"
"Galp-79556611","Rer1-323586"
"C230081A13Rik-73931624","Galnt13-72472803"
"Acvrl1-79488929","Cwh43-74819236"
"Ltbp3-76115733","Rps5-77868800"
"Notch3-1788","Stub1-79912552"
"Hmga1-2295","Pcdh9-10"
"Fam196a-75042244","Pls3-355886"
"Armc2-74988750","Dnahc11-73520976"
"Gabarap-2245","Pou2f1-1563"
"Cnp-1175","Icosl-1217"
"Il16-71064290","Svip-73931622"
"Acvrl1-79488929","Htr4-72119658"
"BC057022-72077480","Dynlrb1-323592"
"Cnr1-283","Wnt2b-1589"
"Gabarap-2245","Scube3-74988656"
"Kcna1-73994714","Pls3-355886"
"Gpr137-75651149","Ltbp3-76115733"
"C030046I01Rik-74881890","Homer1-1748"
"Cnp-1175","Wnt2b-1589"
"Cirh1a-77925143","Selk-74800903"
"Armc2-74988750","Sh3bgr-1416"
"Dyrk1b-71717583","Pls3-355886"
"Gnai2-2263","Mgp-1229"
"Chat-252","Gpr108-1619"
"Exosc1-2203","Stub1-79912552"
"Aqp4-108","Mllt11-89"
"Fgfr1-440","Gabrb1-2247"
"Icosl-1217","Trhr-1303"
"Gabarap-2245","Tmie-74957868"
"Adcy7-2017","Trhr-1303"
"Gng7-77371857","Nrm-75042265"
"Cth-75042264","Exosc1-2203"
"Cnr1-283","Rwdd2b-1587"
"Homer1-1748","Opn1sw-75773699"
"C1ra-77874604","Exosc1-2203"
"C1ra-77874604","Notch3-1788"
"Gosr2-67855413","Thbs2-73929578"
"Gabarap-2245","Hapln1-77332706"
"Meis3-74047845","Nr1h3-112205214"
"Nomo1-1697","Syt12-79556632"
"Cwh43-74819236","F3-77280341"
"Fam114a2-79583813","Rasal1-75774111"
"Fryl-73512207","Gosr2-67855413"
"Pknox1-1401","Tnni3-1065"
"Midn-71670739","P2ry14-76135748"
"Exosc1-2203","Tm7sf3-77874614"
"Mapre1-2401","Slc27a4-1920"
"Camk4-75038464","Gabarap-2245"
"Pvrl4-2511","Tmem206-75774106"
"1600021P15Rik-71924290","Dynlrb1-323592"
"Cnr1-283","Icosl-1217"
"Hpse-77340468","Tcerg1-1872"
"1600021P15Rik-71924290","Exosc1-2203"
"Diras1-72103819","Mapk13-2397"
"Manea-74882656","Zfp790-356855"
"C230081A13Rik-73931624","Chrna2-75551460"
"Fbln2-321208","Mecp2-79908808"
"F3-77280341","Midn-71670739"
"Fbln2-321208","Ltbp3-76115733"
"Diras1-72103819","Gabarap-2245"
"BC031181-73718052","Matn4-77371795"
"Epha8-72472794","Syt12-79556632"
"Homer1-1748","Meis3-74047845"
"Cwh43-74819236","P2ry14-76135748"
"Fam46a-73520967","Gosr2-67855413"
"Gabrb1-2247","Icosl-1217"
"Copb2-1341","Slc27a4-1920"
"Nr1h3-112205214","Pou2f1-1563"
"Gja1-79556642","Htr4-72119658"
"Mllt11-89","Wnt2b-1589"
"Htr4-72119658","Trap1-1966"
"Cks2-80517357","Nr1h3-112205214"
"Fbxo2-2210","Mpp6-73994666"
"Cwh43-74819236","Il17rb-2317"
"Icosl-1217","Snap47-3"
"Fndc3b-74988759","Nr1h3-112205214"
"Gnai2-2263","Snap47-3"
"BC031181-73718052","Neurl1a-73769327"
"Gabarap-2245","Rgnef-74272892"
"Alox8-73718055","Magel2-79591571"
"Aqp4-108","Pcdh9-10"
"Aqp4-108","Hmga1-2295"
"Ntm-77866868","Six1-1834"
"Cth-75042264","Glra4-75551476"
"Mgp-1229","Mllt11-89"
"Rad23b-881","Trhr-1303"
"C130060K24Rik-1164","Glud1-503"
"Gosr2-67855413","Sostdc1-77874602"
"Hepacam-35","Pknox1-1401"
"Gabrb1-2247","Krtap12-1-1367"
"Drd3-75038431","Notch3-1788"
"Ap1b1-356859","Znrf1-74581382"
"Slc10a3-74047876","Tpm3-275873"
"Cyp39a1-77874608","Htr4-72119658"
"Dnahc11-73520976","Htr4-72119658"
"Nr4a1-1792","Slc27a4-1920"
"Svip-73931622","Ttc9b-71249081"
"Ccr1-73718058","E130016E03Rik-1488"
"Elmod1-71924269","Homer1-1748"
"Chrna2-75551460","Cpt1c-2117"
"Cnr1-283","Krtap12-1-1367"
"Gabrg1-75551469","Ltbp3-76115733"
"Cdh3-1337","Mllt11-89"
"Mpp6-73994666","Prpsap2-293663"
"Clcn2-72119656","Syt12-79556632"
"Agt-87","Mapre1-2401"
"Rwdd2b-1587","Slc27a4-1920"
"Adcy7-2017","Slc27a4-1920"
"Enpp2-77413700","Tpm3-275873"
"Paf1-293469","Stap2-73512501"
"Midn-71670739","Rmnd1-77371805"
"Midn-71670739","Ssr2-77869814"
"Aktip-1355","Gnai2-2263"
"Adcy7-2017","Nr4a1-1792"
"Ndufv3-12","Tpm3-275873"
"1500002O20Rik-1954","Selk-74800903"
"Pknox1-1401","Rwdd2b-1587"
"Adipor1-61210","Cd97-112646460"
"Cdh3-1337","Snap47-3"
"Cd8b1-73732149","Pls3-355886"
"Mad1l1-70928294","Ndel1-1514"
"C1ra-77874604","Midn-71670739"
"C1ra-77874604","Dynlrb1-323592"
"Armc2-74988750","Lrrtm3-73931637"
"Ltn1-2747","Nr4a1-1792"
"Chst1-71836872","Grin3a-73907499"
"Hpse-77340468","Mad1l1-70928294"
"Lynx1-655","Pknox1-1401"
"F2rl1-199391","Serpinb8-293668"
"Fgfr1-440","Gnai2-2263"
"Dlx5-1450","Ttn-74047746"
"Galp-79556611","Sqrdl-74047907"
"Adcy7-2017","Agt-87"
"Mpp6-73994666","Plcb1-75084969"
"Aqp4-108","Rwdd2b-1587"
"Efnb3-79556601","Nnat-77887874"
"Gabarap-2245","Tmx4-74882217"
"Coro1c-75651191","Gpr108-1619"
"Gabrg1-75551469","Syt12-79556632"
"Ltn1-2747","Snap47-3"
"C1qc-77340474","Pls3-355886"
"Pvalb-79556738","Selk-74800903"
"Dynlrb1-323592","Rmnd1-77371805"
"Hepacam-35","Snap47-3"
"Cth-75042264","Nomo1-1697"
"Elavl2-72340123","Selk-74800903"
"Dlx5-1450","Htr4-72119658"
"Mtrr-2413","Pls3-355886"
"Snap47-3","Tnni3-1065"
"Aktip-1355","Gtf3c2-7"
"Magel2-79591571","Pls3-355886"
"Cnp-1175","Cnr1-283"
"Dynlrb1-323592","Fbln2-321208"
"Cth-75042264","Paip2-77869857"
"B3gat2-74658033","Dynlrb1-323592"
"Agt-87","Ltn1-2747"
"Mapre1-2401","Rad23b-881"
"Krtap12-1-1367","Pcdh9-10"
"Nr1h3-112205214","Tmeff1-77395095"
"Crabp1-1179","Krtap12-1-1367"
"Kcnc2-73512364","Syt12-79556632"
"Gtf3c2-7","Snap47-3"
"Dynlrb1-323592","Zdhhc2-72128751"
"Cdh3-1337","Hepacam-35"
"Armc2-74988750","Gpr137-75651149"
"Gabarap-2245","Ipo4-74658174"
"Armc2-74988750","C1ra-77874604"
"Midn-71670739","Rps5-77868800"
"Dynlrb1-323592","Pvalb-79556738"
"Dynlrb1-323592","P2ry14-76135748"
"Agt-87","Mgp-1229"
"Lhx4-2377","Pls3-355886"
"Dyrk1b-71717583","Scn5a-73907501"
"Ap1b1-356859","Tmc6-77887880"
"Gabarap-2245","Sprn-73512367"
"Armc2-74988750","Nomo1-1697"
"Fgfr1-440","Ncdn-684"
"Ccdc37-74581372","Gpr108-1619"
"Fgfr1-440","Gtf3c2-7"
"Gnai2-2263","Icosl-1217"
"Gnrh1-75080152","Homer1-1748"
"Armc2-74988750","Drd3-75038431"
"Fgfr1-440","Pknox1-1401"
"Cldn11-77280580","Homer1-1748"
"Scn4b-73636111","Tnfaip8-75038412"
"Lhx4-2377","Rec8-77278975"
"Dnahc11-73520976","Notch3-1788"
"Th-1056","Yars-1122"
"Htr4-72119658","Nmbr-77332086"
"Fgfr1-440","Mapre1-2401"
"Asns-74047788","Usp21-2711"
"C1ra-77874604","Selk-74800903"
"Homer1-1748","Nkd1-74586666"
"Ano6-77887878","Gosr2-67855413"
"Krtap12-1-1367","Mllt11-89"
"Gtf3c2-7","Slc27a4-1920"
"Exosc1-2203","P2ry14-76135748"
"Epn3-74357584","Mpp6-73994666"
"Adcy7-2017","Tnni3-1065"
"Gabarap-2245","Kpnb1-77340472"
"Cth-75042264","Gja1-79556642"
"Gabrq-79591569","Pls3-355886"
"Adcy7-2017","Crabp1-1179"
"Gja1-79556642","Notch3-1788"
"Cd44-224","Chrna2-75551460"
"Dynlrb1-323592","Nmbr-77332086"
"Cnp-1175","Mapre1-2401"
"Agt-87","Wnt2b-1589"
"Htr4-72119658","Tcf7l1-1424"
"Gpr137-75651149","Syt12-79556632"
"Ltbp3-76115733","Trap1-1966"
"Armc2-74988750","Dlx5-1450"
"Dhdds-70612728","Syap1-1858"
"Armc2-74988750","Nmbr-77332086"
"Krtap12-1-1367","Rwdd2b-1587"
"Mllt11-89","Rad23b-881"
"Clcn2-72119656","Dynlrb1-323592"
"Crabp1-1179","Hmga1-2295"
"Mgp-1229","Pcdh9-10"
"Crispld1-72077456","Grin3a-73907499"
"Drd3-75038431","Ltbp3-76115733"
"Notch3-1788","Tm7sf3-77874614"
"Armc2-74988750","Midn-71670739"
"Mapre1-2401","Nr4a1-1792"
"Nrm-75042265","Pias4-77414895"
"Grm1-537","Mpp6-73994666"
"Grin3a-73907499","Zfand3-77414923"
"Armc2-74988750","Ssr2-77869814"
"Cnr1-283","Gnai2-2263"
"Dynlrb1-323592","Ssr2-77869814"
"Dynlrb1-323592","Midn-71670739"
"Grm1-537","Rec8-77278975"
"Cnp-1175","Tnni3-1065"
"Chrna2-75551460","Tsen34-1944"
"Midn-71670739","Nmbr-77332086"
"Rmnd1-77371805","Selk-74800903"
"Armc2-74988750","Trap1-1966"
"Mpp6-73994666","Ptger4-112203056"
"Prrg2-276063","Tpm3-275873"
"Gm6753-77340486","Sh3bgr-1416"
"Aktip-1355","Fgfr1-440"
"Ltbp3-76115733","Notum-73732151"
"Htr4-72119658","Sh3bgr-1416"
"Hepacam-35","Mllt11-89"
"Nomo1-1697","Ttn-74047746"
"Cacng8-72108823","Mpp6-73994666"
"Adcy7-2017","Mapre1-2401"
"Hmga1-2295","Rad23b-881"
"B3gat2-74658033","Cwh43-74819236"
"Ltbp3-76115733","Mecp2-79908808"
"Magel2-79591571","Mpp6-73994666"
"Lix1-643","Mpp6-73994666"
"Gabrg1-75551469","Notch3-1788"
"Ankrd10-2027","Galp-79556611"
"Mx2-1778","Slc35c2-2615"
"Pls3-355886","Sssca1-79556714"
"Gabrb1-2247","Tnni3-1065"
"Neurod6-698","Pls3-355886"
"Exosc1-2203","Styk1-71250308"
"Ccdc85a-75081006","Gpr108-1619"
"Crabp1-1179","Slc27a4-1920"
"Icosl-1217","Rwdd2b-1587"
"Cdh9-72472764","Gosr2-67855413"
"Ltn1-2747","Pknox1-1401"
"Gja1-79556642","Syt12-79556632"
"Diras1-72103819","Tsen34-1944"
"A130014H13Rik-75041574","Galnt13-72472803"
"B3gat2-74658033","Notch3-1788"
"Cirh1a-77925143","Ltbp3-76115733"
"Fez2-74272477","Pls3-355886"
"Lix1-643","Scn5a-73907501"
"Gosr2-67855413","Plxnd1-77340482"
"Nr1h3-112205214","Sostdc1-77874602"
"Mpp6-73994666","Neurod6-698"
"Aqp4-108","Gtf3c2-7"
"Crabp1-1179","Hepacam-35"
"1500032L24Rik-75651168","Ar-2039"
"Dynlrb1-323592","Gabrg1-75551469"
"Tm7sf3-77874614","Ttn-74047746"
"Cwh43-74819236","Dlx5-1450"
"Exosc1-2203","Ssr2-77869814"
"Agt-87","Rwdd2b-1587"
"Crhr1-297","Slc35c2-2615"
"Ap1b1-356859","Six1-1834"
"Cpt1a-1478","Rec8-77278975"
"Adcy7-2017","Mllt11-89"
"Coro1c-75651191","Nrm-75042265"
"Cth-75042264","Sh3bgr-1416"
"3110082D06Rik-74581400","Chrna2-75551460"
"Htr4-72119658","Pvalb-79556738"
"Dcn-329","Th-1056"
"Dyrk1b-71717583","Rec8-77278975"
"Mpp6-73994666","Scn5a-73907501"
"Homer1-1748","Mylk-74819252"
"Fgfr1-440","Ptrf-73521818"
"Galnt13-72472803","Ssr2-121097"
"Cd8b1-73732149","Mpp6-73994666"
"Cd47-357100","Pls3-355886"
"Asns-74047788","Tcerg1-1872"
"Ltbp3-76115733","Nomo1-1697"
"Acvrl1-79488929","Syt12-79556632"
"Cnp-1175","Ltn1-2747"
"Aktip-1355","Mllt11-89"
"Copb2-1341","Tnni3-1065"
"Cnp-1175","Rad23b-881"
"Htr4-72119658","Rps5-77868800"
"Cd47-357100","Rec8-77278975"
"Mtrr-2413","Tpm3-275873"
"1500002O20Rik-1954","Exosc1-2203"
"Nr4a1-1792","Pcdh9-10"
"Cpt1a-1478","Galp-79556611"
"Dlx5-1450","Dynlrb1-323592"
"Dlst-321200","Homer1-1748"
"Rec8-77278975","Tpm3-275873"
"Cth-75042264","Dnahc11-73520976"
"Aqp4-108","Ptrf-73521818"
"Mapt-79556696","Slc35c2-2615"
"Dynlrb1-323592","Elavl2-72340123"
"Krtap12-1-1367","Tnni3-1065"
"Exosc1-2203","Glra4-75551476"
"BC031181-73718052","Csrp3-77332671"
"Ndufa10-74658173","Nr1h3-112205214"
"Tnni3-1065","Wnt2b-1589"
"Midn-71670739","Styk1-71250308"
"Mapre1-2401","Trhr-1303"
"Armc2-74988750","Stub1-79912552"
"Gabarap-2245","Opn1sw-75773699"
"Ndufv3-12","Pls3-355886"
"Hepacam-35","Pcdh9-10"
"1600021P15Rik-71924290","Selk-74800903"
"Armc2-74988750","Pip5k1b-77887888"
"Ciao1-2051","Dtd1-1742"
"Notum-73732151","Syt12-79556632"
"Pde4dip-1994","Tgfb2-77869842"
"Chn2-74881162","Usp21-2711"
"Chrm4-261","Tcerg1-1872"
"Copb2-1341","Mgp-1229"
"Gosr2-67855413","Spint2-74047774"
"BC057022-72077480","Scn1a-77340528"
"Cwh43-74819236","Elavl2-72340123"
"Cux1-79556618","Dynlrb1-323592"
"Mpp6-73994666","Rer1-323586"
"Enpp2-77413700","Pls3-355886"
"Cdh3-1337","Mgp-1229"
"Cth-75042264","Elavl2-72340123"
"Ltbp3-76115733","Prkg1-73521817"
"Midn-71670739","Nomo1-1697"
"Chrna2-75551460","Erf-2195"
"Agt-87","Snap47-3"
"Cnr1-283","Trhr-1303"
"Cth-75042264","Lrrtm3-73931637"
"Inhbb-73636087","Nr1h3-112205214"
"Homer1-1748","Pou2f1-1563"
"1600021P15Rik-71924290","Cth-75042264"
"Gpx2-74819652","Nr1h3-112205214"
"Hmga1-2295","Ltn1-2747"
"BC057022-72077480","Syt12-79556632"
"Aqp4-108","Hepacam-35"
"Agt-87","Nr4a1-1792"
"Glra4-75551476","Midn-71670739"
"Alox8-73718055","Rer1-323586"
"Chrm4-261","Hpse-77340468"
"P2ry14-76135748","Selk-74800903"
"F3-77280341","Ssr2-77869814"
"Ano6-77887878","Nr1h3-112205214"
"Alox8-73718055","Cep78-322963"
"Acvrl1-79488929","Ltbp3-76115733"
"Homer1-1748","Ubl4-75774670"
"Alox8-73718055","Plcb1-75084969"
"Adcy7-2017","Copb2-1341"
"Diras1-72103819","Kpna4-2359"
"BC057022-72077480","Selk-74800903"
"Ap1b1-356859","Chat-252"
"Ptrf-73521818","Tnni3-1065"
"Alk-77371829","Gabrr2-79589524"
"Htr4-72119658","Ssr2-77869814"
"Il17rb-2317","Ltbp3-76115733"
"Gabarap-2245","Ssr2-121097"
"Gng7-77371857","Serpinb8-293668"
"Dhdds-70612728","Trps1-75043140"
"Dynlrb1-323592","Gja1-79556642"
"Crhr1-297","Pvrl4-2511"
"Cd44-224","Galnt13-72472803"
"Kcna1-73994714","Tpm3-275873"
"Dynlrb1-323592","Sh3bgr-1416"
"Cks2-80517357","Gosr2-67855413"
"Selk-74800903","Tm7sf3-77874614"
"Armc2-74988750","Gja1-79556642"
"Cth-75042264","Gpr137-75651149"
"Hmga1-2295","Trhr-1303"
"Cwh43-74819236","Gabrg1-75551469"
"Cnr1-283","Ptrf-73521818"
"Gtf3c2-7","Tnni3-1065"
"Dynlrb1-323592","Tcf7l1-1424"
"BC031181-73718052","Fam131b-72128774"
"Pls3-355886","Sqrdl-74047907"
"Gpr137-75651149","Selk-74800903"
"Nrm-75042265","Ttc9b-71249081"
"Galp-79556611","Grm1-537"
"Agt-87","Aqp4-108"
"Copb2-1341","Mllt11-89"
"Notum-73732151","Sh3bgr-1416"
"Cirh1a-77925143","Syt12-79556632"
"Mpp6-73994666","Mpzl1-77332711"
"Ncdn-684","Snap47-3"
"Htr4-72119658","P2ry14-76135748"
"Fbln2-321208","Syt12-79556632"
"Adipor1-61210","Gm10413-73929885"
"Pls3-355886","Rer1-323586"
"Dynlrb1-323592","Styk1-71250308"
"Fndc3b-74988759","Gabarap-2245"
"Pde4dip-1994","Rps15-75774687"
"BC100451-73615805","Scn5a-73907501"
"Dynlrb1-323592","Kcnc2-73512364"
"Dbi-71836880","Egflam-74047441"
"Gpr88-79567811","Trps1-75043140"
"Cdh9-72472764","Gabarap-2245"
"Cdh3-1337","Nr4a1-1792"
"Exosc1-2203","Ltbp3-76115733"
"Gosr2-67855413","Tmeff1-77395095"
"Mpp6-73994666","Ngfrap1-1786"
"Aktip-1355","Trhr-1303"
"BC057022-72077480","Cwh43-74819236"
"Dynlrb1-323592","Glra4-75551476"
"Cd8b1-73732149","Rec8-77278975"
"Col9a2-74750022","Homer1-1748"
"Fbln2-321208","Midn-71670739"
"Adipor1-61210","Cops7b-356493"
"Gosr2-67855413","Pitrm1-74273117"
"Homer1-1748","Nxn-72007747"
"LOC434300-75988611","Nrm-75042265"
"Cwh43-74819236","Stub1-79912552"
"Ap1b1-356859","Dpysl5-73635770"
"Aktip-1355","Icosl-1217"
"Nog-75084476","Pls3-355886"
"Adcy2-73","Wdr31-2719"
"Fam105a-74819326","Mpp6-73994666"
"Dhdds-70612728","Krt73-74750042"
"Mpp6-73994666","Zmiz1-74988259"
"Aldh5a1-77925007","Dhdds-70612728"
"Gosr2-67855413","Slc43a2-74425544"
"Pdgfra-77280309","Ttn-74047746"
"Clcn2-72119656","Cwh43-74819236"
"Epha8-72472794","Selk-74800903"
"Rad23b-881","Rwdd2b-1587"
"Pknox1-1401","Ptrf-73521818"
"0610010F05Rik-74957923","Homer1-1748"
"Cth-75042264","Zdhhc2-72128751"
"Hpcal4-73520985","Tsc2-1431"
"Mpp6-73994666","Tpm3-275873"
"Armc2-74988750","Kcnc2-73512364"
"Ap1b1-356859","Rassf4-74988636"
"Copb2-1341","Trhr-1303"
"Ankrd24-80343396","Tpm3-275873"
"Cth-75042264","Pvalb-79556738"
"Pls3-355886","Satb1-79488931"
"Armc2-74988750","Glra4-75551476"
"Exosc1-2203","Tcf7l1-1424"
"Fmnl1-75041433","Lrig1-1371"
"Gabrb1-2247","Wnt2b-1589"
"Hmga1-2295","Krtap12-1-1367"
"Gosr2-67855413","Ppp1r7-832"
"Cpt1c-2117","Diras1-72103819"
"Cth-75042264","Il17rb-2317"
"Homer1-1748","Pitrm1-74273117"
"Asns-74047788","Chn2-74881162"
"Cdh3-1337","Gnai2-2263"
"Exosc1-2203","Nmbr-77332086"
"Scn5a-73907501","Sssca1-79556714"
"Dlst-321200","Nr1h3-112205214"
"Il17ra-73520990","Syt12-79556632"
"Cyp39a1-77874608","Midn-71670739"
"Scn1a-77340528","Ssr2-77869814"
"Ltbp3-76115733","Pdgfra-77280309"
